id;user_id;category_id;title;post_content;slug_post;post_image;status_id;view_count;created_at_post;updated_at_post
1;33;14;Creating RESTful APIs with Express.js;Learn how to create RESTful APIs using Express.js, a popular Node.js framework. Express.js simplifies the process of building robust and scalable server-side applications by providing a thin layer of fundamental web application features. It allows developers to easily handle routes, requests, and responses, making it a preferred choice for developing APIs. Creating a RESTful API involves defining a clear and consistent interface for accessing and manipulating resources. With Express.js, you can set up routes to handle different HTTP methods like GET, POST, PUT, and DELETE, each corresponding to different CRUD (Create, Read, Update, Delete) operations. For instance, a GET request can be used to retrieve a list of resources or a specific resource, while a POST request can be used to create a new resource. One of the key benefits of using Express.js is its middleware architecture, which enables the addition of various functionalities to the request-handling pipeline. Middleware functions can be used for logging, authentication, error handling, and more. This modular approach helps in keeping the code clean and maintainable. Additionally, Express.js supports integration with various databases, such as MongoDB and MySQL, allowing for efficient data storage and retrieval. By leveraging the power of Express.js, you can build efficient and scalable APIs that serve as the backbone for modern web applications. Whether you're developing a simple CRUD application or a complex system with multiple services, Express.js provides the tools and flexibility needed to create APIs that meet your specific requirements.;creating-restful-apis-with-express;express.jpg;1;83;2023:06:10 14:15;2023:06:10 14:15
2;18;1;Understanding MVC in PHP;The Model-View-Controller (MVC) framework is an architectural pattern that separates an application into three main components. The Model represents the data and the business logic of the application. It directly manages the data, logic, and rules of the application. The View is the user interface of the application. It displays the data from the model to the user and sends user commands to the controller. The Controller acts as an intermediary between the Model and the View. It listens to the input from the View, processes it (using the Model), and returns the result to display on the View. By separating these concerns, MVC helps in organizing the code better and makes it easier to manage and scale applications. Developers can work on the different components independently, for example, one developer can work on the view logic while another works on the business logic in the model. This separation also makes it easier to test individual components.MVC is widely used in web development frameworks such as Ruby on Rails, ASP.NET MVC, and Laravel. Each of these frameworks implements the MVC pattern in its own way, but the core principle remains the same. Understanding MVC is fundamental for developers looking to build robust, maintainable web applications.;understanding-mvc-in-php;mvc.jpg;1;105;2023:06:12 10:41;2023:06:12 10:41
3;32;9;Mastering JavaScript Promises;"JavaScript promises are used to handle asynchronous operations. Learn how to effectively use them in your code. A promise in JavaScript is an object that represents the eventual completion (or failure) of an asynchronous operation and its resulting value. Promises provide a cleaner, more flexible alternative to the traditional callback approach, which can lead to deeply nested and hard-to-read code, often referred to as ""callback hell"". A promise can be in one of three states: pending, fulfilled, or rejected. When a promise is pending, it means the asynchronous operation has not completed yet. If the operation completes successfully, the promise is fulfilled, and if it fails, the promise is rejected. You can use .then() and .catch() methods to handle the fulfilled and rejected states, respectively. Using promises, you can chain multiple asynchronous operations together, improving the readability and maintainability of your code. Promises are now a fundamental part of JavaScript and are used extensively in modern JavaScript frameworks and libraries, such as React, Angular, and Vue.js.";mastering-javaScript-promises;promises.jpg;1;82;2023:06:25 11:04;2023:06:26 11:25
4;14;14;Exploring RESTful APIs;RESTful APIs are used to build web services that are lightweight, maintainable, and scalable. REST, which stands for Representational State Transfer, is an architectural style that defines a set of constraints and principles for creating web services. RESTful services are stateless and can use HTTP methods like GET, POST, PUT, DELETE to perform CRUD (Create, Read, Update, Delete) operations on resources. One of the main advantages of RESTful APIs is their simplicity and scalability. Since they use standard HTTP protocols, they can be easily consumed by any client that understands HTTP, including web browsers, mobile devices, and other web services. This makes RESTful APIs ideal for building distributed systems and microservices. RESTful APIs also benefit from being stateless, meaning each request from a client contains all the information the server needs to fulfill that request. This allows for better scalability, as the server does not need to keep track of the client state. Additionally, RESTful APIs can be easily versioned, allowing for continuous development and evolution without breaking existing clients.;exploring-restful-apis;rest.png;1;51;2023:07:05 15:36;2023:07:05 15:36
5;35;4;CSS Grid Layout;The CSS Grid Layout module offers a grid-based layout system, with rows and columns, making it easier to design web pages. CSS Grid is a two-dimensional layout system, meaning it can handle both columns and rows, unlike flexbox, which is a one-dimensional layout system. With CSS Grid, you can create complex layouts that are responsive and adaptable to different screen sizes with relative ease. One of the most powerful features of CSS Grid is the ability to create areas on the grid that span multiple rows and columns. This allows for greater flexibility in designing layouts, enabling developers to create intricate designs without the need for complex CSS hacks or JavaScript. CSS Grid also supports alignment and spacing of items, making it easier to create visually appealing layouts. CSS Grid is supported by all modern browsers, making it a reliable choice for new projects. It complements other layout methods like flexbox and traditional floats, giving developers a comprehensive toolkit for designing responsive web layouts. Learning CSS Grid can significantly enhance your ability to create modern, flexible, and visually stunning web designs.;css-grid-layout;grid.png;1;74;2023:07:18 16:56;2023:07:19 18:22
6;32;9;JavaScript ES6 Features;Explore the new features introduced in JavaScript ES6 and how to use them in your projects. ES6, also known as ECMAScript 2015, introduced many new features to the JavaScript language, significantly improving its functionality and usability. Some of the most notable features include arrow functions, template literals, destructuring assignments, and classes. Arrow functions provide a shorter syntax for writing functions and do not have their own this context, which makes them particularly useful for writing concise and readable code. Template literals allow for easier string interpolation and multi-line strings, reducing the need for complex concatenations. Destructuring assignments enable the extraction of values from arrays or properties from objects into distinct variables, simplifying the code. ES6 also introduced classes, providing a more straightforward syntax for creating objects and dealing with inheritance, making JavaScript feel more like traditional object-oriented languages. Additionally, ES6 added new built-in objects like Set and Map, as well as the Promise object, which makes it easier to work with asynchronous code. These new features have been widely adopted and are now considered essential knowledge for modern JavaScript development.;javascript-es6-features;es6.jpg;1;112;2023:07:20 19:00;2023:07:20 19:00
7;9;5;Implementing OAuth2;OAuth2 is an authorization framework that enables applications to obtain limited access to user accounts on an HTTP service. It works by delegating user authentication to the service that hosts the user account and authorizing third-party applications to access the user account. This is done without exposing the user's credentials, such as passwords, to the third-party application.OAuth2 is widely used for token-based authentication and authorization in web and mobile applications. It provides a secure way for applications to access resources on behalf of a user. OAuth2 defines several grant types, including authorization code, implicit, password, and client credentials, each suited to different use cases.Using OAuth2, developers can build secure APIs that allow third-party applications to interact with their services. This is commonly seen in social login implementations, where users can log into an application using their credentials from services like Google, Facebook, or Twitter. Understanding OAuth2 is crucial for developers working on applications that require secure access to user data and services.;implementing-oauth2;oauth2.jpg;1;66;2023:08:07 11:32;2023:08:08 09:25
8;38;1;Getting Started with PHP;"PHP, which stands for ""Hypertext Preprocessor,"" is a widely-used open-source scripting language that is especially suited for web development and can be embedded into HTML. PHP scripts are executed on the server, and the result is returned to the browser as plain HTML. This server-side execution allows PHP to perform dynamic content generation, database interactions, and session management. One of the strengths of PHP is its ease of use and simplicity. It has a shallow learning curve, making it accessible to beginners while offering powerful features for advanced users. PHP supports a wide range of databases, including MySQL, PostgreSQL, SQLite, and many others, providing flexibility in choosing the right database for your application. PHP is also highly extensible, with a vast ecosystem of libraries, frameworks, and tools. Frameworks like Laravel, Symfony, and CodeIgniter have become popular choices for building robust web applications, offering features such as routing, templating, and ORM (Object-Relational Mapping) out of the box. The large community and extensive documentation make PHP a reliable and versatile language for web development.";getting-started-with-php;php.jpg;1;35;2023:09:19 09:15;2023:09:19 09:15
9;28;9;Advanced Node.js Techniques;Enhance your Node.js applications with advanced techniques and best practices. Node.js is a runtime environment that allows you to execute JavaScript code on the server side. It is built on the V8 JavaScript engine, which is known for its high performance and efficiency. Node.js uses an event-driven, non-blocking I/O model, making it ideal for building scalable network applications. Advanced techniques in Node.js include using asynchronous programming patterns such as Promises and async/await to handle I/O operations efficiently. You can also leverage middleware frameworks like Express.js to manage routing, handle requests, and integrate with databases. Understanding how to use streams in Node.js can also help you process large amounts of data efficiently. Best practices for Node.js development include following a modular architecture, using environment variables for configuration, and implementing proper error handling and logging. By adhering to these practices, you can build robust, maintainable, and scalable Node.js applications that can handle a large number of simultaneous connections with high performance.;advanced-nodejs-techniques;nodejs.png;1;39;2023:09:25 14:35;2023:09:26 16:55
10;3;9;Understanding JavaScript Closures;"Closures are a fundamental concept in JavaScript that allow functions to retain access to their lexical scope, even when the function is executed outside that scope. This means that a closure can ""remember"" the environment in which it was created, which includes any variables that were in scope at the time. This powerful feature allows for more flexible and expressive code, enabling patterns such as function factories and private data encapsulation.Closures are often used in JavaScript for event handlers, callbacks, and immediately-invoked function expressions (IIFE). By leveraging closures, developers can create more modular and maintainable code, as they allow for the encapsulation of functionality and state. Additionally, closures are essential for creating higher-order functions, which are functions that return other functions or take functions as arguments.Understanding closures is crucial for mastering JavaScript, as they form the basis for many advanced programming techniques. They enable developers to write cleaner and more efficient code, making it easier to manage complex applications. By practicing and experimenting with closures, you can unlock the full potential of JavaScript and improve your coding skills.";understanding-js-closures;js-closures.png;1;70;2023:10:09 18:22;2023:10:09 18:22
11;32;10;Introduction to Database Management;Database Management involves the use of software to manage and organize data efficiently. Learn about different types of databases, SQL, and best practices for managing data. Databases are essential for storing and retrieving data in a structured way, allowing applications to function effectively. There are various types of databases, including relational databases like MySQL and PostgreSQL, and NoSQL databases like MongoDB and Cassandra.SQL (Structured Query Language) is the standard language used to interact with relational databases. It allows for querying, updating, and managing data, providing powerful tools for data manipulation. Best practices in database management include normalization, indexing, and using transactions to ensure data integrity. Proper database design and management can significantly improve the performance and scalability of applications.NoSQL databases offer flexible schema design, making them suitable for applications with varying data structures. They are often used in big data and real-time web applications due to their ability to handle large volumes of unstructured data. Understanding both SQL and NoSQL databases, and knowing when to use each, is key to effective database management.;introduction-to-database-management;database-management.jpg;1;110;2023:10:29 18:22;2023:10:30 12:10
12;1;3;Building Single Page Apps;Single Page Applications (SPAs) load a single HTML page and dynamically update as the user interacts with the app. SPAs provide a more fluid user experience by avoiding full page reloads and instead loading content asynchronously. This leads to faster interactions and a more app-like experience, which is particularly beneficial for web applications that require frequent user interactions.SPAs typically use JavaScript frameworks such as Angular, React, or Vue.js to manage the application's state and render components. These frameworks enable developers to build complex user interfaces that can react to user inputs in real-time. Additionally, SPAs often rely on RESTful APIs or GraphQL for data fetching, further enhancing their performance and scalability.One of the challenges with SPAs is ensuring that they are properly optimized for search engines and accessible to all users. Techniques such as server-side rendering (SSR) and code splitting can help address these issues, providing a better overall user experience. By mastering SPAs, developers can create highly interactive and efficient web applications.;single-page-apps;spa.png;1;42;2023:11:15 12:11;2023:11:15 12:11
13;9;3;Responsive Web Design;Responsive web design ensures that web applications render well on a variety of devices and window or screen sizes. This approach uses flexible layouts, fluid grids, and CSS media queries to adjust the design and layout based on the screen size, orientation, and resolution. The goal is to provide an optimal viewing experience, with easy reading and navigation across a wide range of devices, from desktop computers to mobile phones.A key principle of responsive design is the use of a mobile-first approach, where the design is initially optimized for smaller screens and then enhanced for larger screens. This ensures that the core content and functionality are accessible on all devices, with additional features and styles applied as the screen size increases. Responsive design also involves optimizing images, typography, and touch-friendly elements to improve the overall user experience.Flexbox and CSS Grid are powerful tools for creating responsive layouts, allowing for the efficient arrangement of elements within a container. By combining these techniques with best practices in responsive design, developers can create web applications that are both visually appealing and highly functional on any device.;responsive-web-design;responsive.jpg;1;95;2023:11:26 09:29;2023:11:26 09:29
14;3;14;GraphQL Basics;GraphQL is a query language for APIs and a runtime for executing those queries by using a type system you define for your data. Unlike RESTful APIs, where each endpoint returns a fixed structure of data, GraphQL allows clients to request exactly the data they need, reducing over-fetching and under-fetching of data. This flexibility makes it easier to evolve APIs over time without breaking existing clients.GraphQL queries mirror the shape of the JSON data they return, making it intuitive for developers to work with. The type system ensures that the queries are valid and that the responses conform to the specified schema. This strong typing helps catch errors early in the development process and improves the overall robustness of the API.GraphQL also supports real-time data updates through subscriptions, which allow clients to receive updates when the data they are interested in changes. This is particularly useful for applications that require real-time notifications or live data feeds. By adopting GraphQL, developers can create more efficient and flexible APIs that meet the specific needs of their applications.;graphql-basics;graphql.jpg;1;12;2023:12:08 08:30;2023:12:08 08:30
15;20;5;Securing Web Applications;Security is a critical aspect of web development. Learn how to secure your web applications. Protecting sensitive data and ensuring the integrity and availability of web services are paramount concerns for developers. Common security threats include SQL injection, cross-site scripting (XSS), cross-site request forgery (CSRF), and data breaches. Implementing best practices for web security helps mitigate these risks.One fundamental practice is to validate and sanitize user inputs to prevent malicious data from being processed by the application. Using prepared statements and parameterized queries can protect against SQL injection attacks. Implementing secure authentication and authorization mechanisms ensures that only authorized users can access certain resources or perform specific actions.Encrypting sensitive data, both at rest and in transit, helps protect it from unauthorized access. Additionally, regularly updating software and dependencies to patch known vulnerabilities, using security headers, and conducting security audits and penetration testing can further enhance the security of web applications. By prioritizing security, developers can build resilient applications that protect users and data from potential threats.;securing-web-applications;security.jpg;1;88;2023:12:21 13:39;2023:12:21 13:39
16;3;11;Performance Tuning Tips;Discover tips and techniques for tuning the performance of your web applications. Optimizing performance is essential for providing a fast and responsive user experience, which can lead to higher user engagement and satisfaction. Key performance areas include reducing page load times, optimizing server response times, and improving the efficiency of client-side scripts.One effective technique is to minimize HTTP requests by combining CSS and JavaScript files, using CSS sprites for images, and implementing lazy loading for non-critical resources. Compressing files using Gzip or Brotli can also reduce the size of transferred data, speeding up load times. Additionally, leveraging browser caching can help improve performance by storing static resources locally on the user's device.Optimizing images, using responsive images, and implementing image compression techniques can significantly reduce the load time. On the server side, optimizing database queries, using content delivery networks (CDNs), and implementing server-side caching strategies can improve response times. Monitoring and analyzing performance metrics using tools like Google Lighthouse, WebPageTest, and performance profiling tools can help identify and address performance bottlenecks.;performance-tuning-tips;performance-tuning.jpg;1;38;2024:01:02 09:11;2024:01:02 09:11
17;4;15;Deploying with Docker;"Docker allows you to automate the deployment of applications inside lightweight, portable containers. Containers package an application and its dependencies into a single, isolated unit that can run consistently across different environments. This ensures that applications behave the same way in development, testing, and production, reducing the ""it works on my machine"" problem.Using Docker, developers can create consistent development environments, streamline CI/CD pipelines, and simplify dependency management. Docker images are versioned and can be shared through registries like Docker Hub, enabling easy collaboration and distribution of applications. By using Docker Compose, developers can define and manage multi-container applications, specifying how different services interact with each other.Docker also integrates with orchestration tools like Kubernetes, allowing for the automated deployment, scaling, and management of containerized applications. This makes it easier to handle the complexity of deploying applications in a distributed system, ensuring high availability and scalability. By adopting Docker, developers can improve the efficiency and reliability of their deployment processes.";deploying-with-docker;docker.png;1;48;2024:01:10 12:06;2024:01:10 15:53
18;14;12;Introduction to React;React is a JavaScript library for building user interfaces. Learn the basics and get started with React. Developed and maintained by Facebook, React has become one of the most popular libraries for building dynamic and interactive web applications. Its component-based architecture allows developers to break down complex UIs into reusable, self-contained pieces, making the development process more efficient and maintainable.React uses a virtual DOM to optimize rendering performance. When the state of a component changes, React updates the virtual DOM and then calculates the most efficient way to apply these changes to the actual DOM. This approach minimizes the number of expensive DOM operations and improves the overall performance of the application.React also supports server-side rendering (SSR), which can improve the initial load time and SEO of web applications. By understanding the core concepts of React, such as components, props, state, and lifecycle methods, developers can create powerful and scalable web applications. The React ecosystem, including tools like React Router and Redux, further enhances the capabilities of React for building complex applications.;introduction-to-react;react.png;1;62;2024:01:15 16:42;2024:01:15 18:33
19;20;6;Creating Custom WordPress Themes;Learn how to create custom themes for WordPress to tailor your site to your needs. Custom themes allow you to define the look and feel of your WordPress site, providing a unique user experience. Understanding the WordPress theme hierarchy is essential for creating custom themes. This hierarchy determines which template files are used to display different types of content. By creating and modifying template files, you can control the layout and design of your site. Additionally, using functions.php, you can add custom functionality and features to your theme. WordPress hooks, including actions and filters, provide a way to interact with the core functionality without modifying the core files, ensuring your customizations are update-safe.;creating-custom-wordpress-themes;wp-themes.jpg;1;131;2024:01:23 11:42;2024:01:23 11:42
20;27;12;Building Interactive UIs with React Hooks;Use React Hooks to build more interactive and efficient user interfaces. React Hooks provide a way to use state and other React features in functional components. The useState hook allows you to add state to functional components, enabling them to manage and respond to user interactions. The useEffect hook lets you perform side effects, such as data fetching or subscriptions, in functional components. By using hooks, you can avoid the complexities of class components and create cleaner, more readable code. Additionally, custom hooks allow you to extract and reuse logic across multiple components, promoting code reuse and separation of concerns. Hooks have become an essential part of React development, enabling developers to build powerful and maintainable user interfaces.;building-interactive-uis-with-react-hooks;react-hooks.png;1;98;2024:01:26 13:10;2024:01:26 13:10
21;28;8;Using Django for Web Development;"Learn how to use Django, a powerful web framework, for building robust web applications. Django is a high-level Python web framework that encourages rapid development and clean, pragmatic design. It follows the ""batteries-included"" philosophy, providing a wide range of built-in features such as an ORM (Object-Relational Mapping), authentication, and a customizable admin interface. These features help developers focus on writing their applications instead of reinventing the wheel. Additionally, Django follows the MVC (Model-View-Controller) pattern, which promotes separation of concerns and code reusability. By mastering Django, you can efficiently build secure, scalable, and maintainable web applications.";using-django-for-web-development;django.jpg;1;93;2024:01:30 11:42;2024:01:30 15:10
22;37;9;Testing with Jest;Jest is a delightful JavaScript testing framework with a focus on simplicity. It provides a robust set of features, including a built-in assertion library, support for mocking, and powerful tools for writing asynchronous tests. Jest's zero-configuration setup makes it easy to start testing immediately, while its snapshot testing feature allows developers to capture the rendered output of components and compare them over time. This helps ensure that the UI remains consistent and free of unintended changes. Additionally, Jest's interactive watch mode provides instant feedback during development, enhancing the developer experience and encouraging a test-driven development (TDD) approach.;testing-with-jest;jest.png;1;58;2024:02:05 10:11;2024:02:05 10:11
23;33;14;Using GraphQL with Apollo;Apollo Client is a comprehensive state management library for JavaScript that enables you to manage both local and remote data with GraphQL. It simplifies data fetching, caching, and synchronization with your GraphQL server, providing a declarative way to interact with your data. Apollo Client integrates seamlessly with modern frameworks like React, Angular, and Vue.js, allowing you to fetch data using GraphQL queries directly within your components. By leveraging Apollo Client's features, such as optimistic UI updates and pagination support, you can create responsive and performant applications that provide a smooth user experience. Additionally, Apollo Client's built-in developer tools make it easy to debug and monitor your GraphQL operations.;using-graphql-with-apollo-client;apollo-client.jpg;1;78;2024:02:09 13:25;2024:02:09 13:25
24;1;15;Infrastructure as Code with Terraform;Learn how to use Terraform to manage your infrastructure as code. Terraform is an open-source infrastructure as code (IaC) tool that allows you to define and provision your infrastructure using a declarative configuration language. By using Terraform, you can automate the creation, modification, and deletion of resources across multiple cloud providers, such as AWS, Azure, and Google Cloud. This ensures consistency and repeatability in your infrastructure deployments. Terraform's state management feature keeps track of the current state of your infrastructure, enabling you to apply incremental changes safely. Additionally, Terraform supports a wide range of providers and modules, allowing you to extend its functionality and integrate with other tools in your DevOps toolkit.;infrastructure-as-code-with-terraform;terraform.png;1;86;2024:02:12 14:15;2024:02:12 14:15
25;20;5;Applying Web Security Protocols;Understand and implement essential web security protocols to protect your applications. Web security protocols are crucial for safeguarding sensitive data and ensuring the integrity and confidentiality of your web applications. Protocols such as HTTPS (Hypertext Transfer Protocol Secure) encrypt data transmitted between the client and server, preventing eavesdropping and man-in-the-middle attacks. Implementing security headers like Content Security Policy (CSP) and HTTP Strict Transport Security (HSTS) can further enhance the security of your application by mitigating risks like cross-site scripting (XSS) and protocol downgrade attacks. Additionally, using multi-factor authentication (MFA) and secure password storage practices helps protect user accounts from unauthorized access.;applying-web-security-protocols;web-security.jpg;1;77;2024:02:20 14:46;2024:02:20 14:46
26;12;3;Effective UX Prototyping;Learn how to create effective prototypes to improve the user experience of your web applications. Prototyping is an essential step in the design process that allows you to visualize and test your ideas before committing to development. By creating interactive prototypes, you can gather feedback from stakeholders and users early in the design process, identifying potential issues and areas for improvement. Tools like Sketch, Figma, and Adobe XD offer a range of features for designing and prototyping user interfaces, including interactive elements, animations, and collaborative editing. Effective prototyping helps ensure that the final product meets user needs and expectations, reducing the risk of costly redesigns and rework.;effective-ux-prototyping;ux-prototyping.png;1;72;2024:02:25 11:30;2024:02:25 11:30
27;9;4;Styling with Tailwind CSS;Explore how to use Tailwind CSS to style your web applications quickly and efficiently. Tailwind CSS is a utility-first CSS framework that provides low-level utility classes for building custom designs without writing CSS from scratch. By using utility classes directly in your HTML, you can create responsive and consistent designs more rapidly than with traditional CSS frameworks. Tailwind's configurability allows you to customize its default theme, breakpoints, and spacing scale to match your project's design requirements. Additionally, Tailwind's JIT (Just-In-Time) mode generates only the necessary CSS for your project, reducing the final bundle size and improving performance. With Tailwind CSS, you can achieve a high degree of design flexibility while maintaining a consistent and maintainable codebase.;styling-with-tailwind;tailwind.jpg;1;65;2024:02:28 12:45;2024:02:28 16:28
28;23;2;Git Workflow Best Practices;Master the best practices for using Git to manage your project's version control effectively. Git is a distributed version control system that allows multiple developers to collaborate on a project simultaneously. Following best practices such as writing meaningful commit messages, using branches to isolate feature development, and performing regular code reviews can improve collaboration and code quality. Understanding how to use Git commands like rebase, merge, and cherry-pick enables you to manage your commit history and resolve conflicts efficiently. Additionally, integrating Git with CI/CD pipelines automates testing and deployment processes, ensuring that your codebase remains stable and reducing the risk of introducing bugs into production.;git-workflow-best-practices;git-workflow.jpg;1;89;2024:03:02 10:15;2024:03:02 10:15
29;10;15;Implementing Continuous Integration;Implement continuous integration (CI) to streamline your development workflow. Continuous integration is a development practice where developers frequently integrate their code changes into a shared repository, triggering automated builds and tests. By adopting CI, you can detect and address issues early, ensuring that your codebase remains stable and reducing the time spent on manual testing. Tools like Jenkins, Travis CI, and GitHub Actions provide a range of features for setting up and managing CI pipelines, including support for various programming languages, integration with version control systems, and customizable workflows. Implementing CI helps improve code quality, accelerate development cycles, and enable more frequent releases.;implementing-continuous-integration;ci.jpg;1;79;2024:03:05 15:30;2024:03:05 15:30
30;24;4;Sass: Advanced Techniques;Master advanced techniques in Sass to write more efficient and maintainable CSS. Sass (Syntactically Awesome Style Sheets) extends CSS with features like variables, nested rules, and mixins, which help in writing cleaner and more modular code. Advanced techniques in Sass include the use of functions and loops to create dynamic styles and avoid code repetition. By leveraging these features, you can create a more maintainable and scalable stylesheet architecture. Additionally, understanding the importance of partials and imports in Sass can help you organize your stylesheets better, making it easier to manage large projects. Using Sass with a CSS preprocessor like Node-sass or Dart-sass allows for faster compilation and better integration with build tools like Gulp or Webpack.;sass-advanced-techniques;sass.jpg;1;83;2024:03:10 11:44;2024:03:10 13:30
31;24;11;Web Performance Audits;Conduct web performance audits to identify and fix performance bottlenecks. A web performance audit involves analyzing various aspects of a website to determine what is slowing it down and how to optimize it. Key areas to focus on include loading times, render blocking resources, and inefficient scripts. Tools like Google Lighthouse, WebPageTest, and GTmetrix provide detailed insights into performance metrics and recommendations for improvement. Optimizing images, leveraging browser caching, and minifying CSS and JavaScript files are common techniques to enhance performance. Regularly conducting performance audits ensures that your website remains fast and responsive, providing a better user experience and improving search engine rankings.;web-performance-audits;performance-audit.jpg;1;74;2024:03:16 15:51;2024:03:16 15:51
32;4;15;Introduction to Docker;"Docker is a tool designed to make it easier to create, deploy, and run applications by using containers. Containers package an application and its dependencies together, ensuring that it runs consistently across different environments. Docker simplifies the deployment process by eliminating the ""it works on my machine"" problem, as the containerized application behaves the same way in development, testing, and production environments. Advanced Docker usage includes creating multi-container applications using Docker Compose, optimizing Dockerfiles for faster builds, and implementing CI/CD pipelines with Docker to automate the deployment process. By mastering Docker, you can improve your development workflow, enhance application portability, and achieve better resource utilization.";introduction-to-docker;docker-tool.png;1;125;2024:03:22 08:11;2024:03:22 08:11
33;6;2;Branching Strategies in Git;Explore different branching strategies in Git to manage your codebase efficiently. Effective branching strategies are crucial for maintaining a clean and organized codebase, especially in large projects with multiple contributors. Common strategies include Git Flow, which uses long-lived branches for development and production, and feature branching, where each new feature is developed in its own branch. Understanding when to use rebase versus merge is also important for maintaining a linear commit history and avoiding merge conflicts. Implementing a well-defined branching strategy helps in coordinating development efforts, reducing integration issues, and ensuring a smooth workflow for continuous integration and deployment.;branching-strategies-in-git;git-branching.png;1;68;2024:03:27 18:00;2024:03:27 18:00
34;37;3;Enhancing UX with Microinteractions;Use microinteractions to enhance the user experience of your web applications. Microinteractions are subtle, often overlooked elements that enhance user interactions with a product. They provide feedback, communicate status, and help users achieve their goals with less friction. Examples include button animations, hover effects, and form validations. Implementing effective microinteractions involves understanding the context of their use and ensuring they are consistent with the overall design language. Tools like CSS animations, JavaScript, and libraries like Lottie can be used to create engaging microinteractions. When done correctly, microinteractions can make your web application feel more intuitive and responsive, improving user satisfaction and engagement.;enhancing-ux-with-microinteractions;microinteractions.jpg;1;72;2024:04:02 09:15;2024:04:02 09:15
35;1;13;SEO for E-commerce Sites;Optimize your e-commerce site for search engines to increase traffic and sales. E-commerce SEO involves optimizing product pages, category pages, and the overall site structure to improve visibility in search engine results. Key strategies include keyword research to identify relevant search terms, optimizing meta tags and descriptions, and ensuring fast load times. High-quality product descriptions and user-generated content like reviews also contribute to better rankings. Additionally, implementing schema markup can enhance search engine understanding of your content and improve click-through rates with rich snippets. Regularly monitoring and analyzing your SEO performance with tools like Google Analytics and Search Console helps in making data-driven decisions and staying ahead of the competition.;seo-for-e-commerce-sites;seo-ecommerce.jpg;1;109;2024:04:11 13:22;2024:04:11 13:22
36;38;14;GraphQL vs REST;GraphQL is a query language for APIs, while REST is an architectural style for networked applications. Compare the two. GraphQL allows clients to request exactly the data they need, reducing the number of API calls and the amount of data transferred. It uses a single endpoint and supports real-time data fetching with subscriptions. REST, on the other hand, uses multiple endpoints and standard HTTP methods for CRUD operations. While REST is simple and widely adopted, GraphQL provides more flexibility and efficiency, especially in complex applications. Choosing between GraphQL and REST depends on the specific requirements of your project, such as the need for real-time updates, the complexity of data relationships, and the preferred development workflow.;graphql-vs-rest;graphql-vs-rest.jpg;1;35;2024:04:18 15:54;2024:04:19 09:10
37;14;7;Improving Website Accessibility;Implement strategies to improve the accessibility of your website. Web accessibility ensures that websites are usable by people with disabilities, providing equal access to information and functionality. Key strategies include using semantic HTML elements to improve screen reader compatibility, providing text alternatives for non-text content, and ensuring sufficient color contrast. Implementing keyboard navigation and making interactive elements accessible helps users with motor impairments. Additionally, conducting accessibility audits using tools like WAVE and Lighthouse, and following guidelines from the Web Content Accessibility Guidelines (WCAG), ensures compliance and identifies areas for improvement. Improving accessibility not only benefits users with disabilities but also enhances the overall user experience and SEO.;improving-website-accessibility;accessibility-improvement.png;1;61;2024:04:22 14:15;2024:07:22 14:15
38;12;10;Understanding NoSQL Databases;NoSQL databases provide a mechanism for storage and retrieval of data that is modeled in means other than the tabular relations used in relational databases. They are designed to handle large volumes of unstructured or semi-structured data and offer flexible schema designs. Common types of NoSQL databases include document databases like MongoDB, key-value stores like Redis, column-family stores like Cassandra, and graph databases like Neo4j. Each type is suited to different use cases, such as real-time analytics, content management, and social networking. NoSQL databases often provide horizontal scalability, allowing them to handle large-scale, high-traffic applications efficiently. Understanding the strengths and limitations of different NoSQL databases helps in choosing the right one for your application's needs.;understanding-nosql-databases;nosql.jpg;1;70;2024:04:29 11:45;2024:04:29 11:45
39;33;15;Introduction to Kubernetes;Kubernetes is an open-source system for automating the deployment, scaling, and management of containerized applications. It provides a robust platform for running containers in production, handling tasks such as service discovery, load balancing, and automatic rollouts and rollbacks. Kubernetes uses a declarative approach to manage infrastructure, allowing developers to define the desired state of the application and let the system maintain it. Features like namespaces and resource quotas enable efficient resource management in multi-tenant environments. Additionally, Kubernetes supports integration with various cloud providers and CI/CD tools, making it a versatile choice for modern DevOps practices. By mastering Kubernetes, you can improve the reliability, scalability, and maintainability of your containerized applications.;introduction to-kubernetes;kubernetes.png;1;49;2024:05:02 08:10;2024:05:02 08:10
40;12;5;Protecting Against SQL Injection;Understand how to protect your web applications against SQL injection attacks. SQL injection is a code injection technique that exploits a vulnerability in an application's software by manipulating SQL queries. Attackers can use SQL injection to gain unauthorized access to the database, retrieve sensitive information, and execute administrative operations. To protect against SQL injection, use prepared statements and parameterized queries, which ensure that SQL code is treated as data, not executable commands. Additionally, validate and sanitize user inputs to prevent malicious data from entering the system. Implementing proper error handling and using web application firewalls (WAFs) can further enhance security by detecting and blocking malicious activities.;protecting-against-sql-injection;sql-injection.jpg;1;77;2024:05:08 11:45;2024:05:08 11:45
41;4;10;Scaling Databases with NoSQL;Learn how to scale your applications using NoSQL databases effectively. NoSQL databases are designed to handle large volumes of unstructured data and provide horizontal scalability. By distributing data across multiple servers, NoSQL databases can manage high traffic and large datasets more efficiently than traditional relational databases. Techniques such as sharding, replication, and partitioning are commonly used to achieve scalability in NoSQL databases. Understanding the strengths and limitations of different NoSQL databases, such as document stores, key-value stores, and column-family stores, helps in choosing the right database for your application's needs. Implementing best practices for data modeling and indexing can also improve performance and ensure efficient data retrieval.;scaling-databases-with-nosql;nosql-scaling.jpg;1;99;2024:05:10 10:32;2024:05:10 11:20
42;4;7;Advanced Accessibility Features;Implement advanced accessibility features to make your website usable for everyone. Web accessibility ensures that people with disabilities can perceive, understand, navigate, and interact with web content. Advanced accessibility features include using ARIA (Accessible Rich Internet Applications) attributes to enhance the accessibility of dynamic content and user interface components. Providing keyboard navigation and focus management allows users with motor impairments to navigate the website using keyboard shortcuts. Additionally, implementing features such as screen reader compatibility, color contrast adjustments, and text resizing options can improve the user experience for individuals with visual impairments. Regularly conducting accessibility audits and following the Web Content Accessibility Guidelines (WCAG) helps ensure compliance and identify areas for improvement.;advanced-accessibility-features;accessibility-advanced.jpg;1;58;2024:05:13 16:30;2024:05:13 16:30
43;32;14;Building REST APIs with Flask;Flask is a micro web framework written in Python. Learn how to build RESTful APIs with Flask. Flask provides a lightweight and flexible framework for developing web applications and APIs. It allows developers to define routes, handle requests, and return responses using simple and intuitive syntax. Flask's modular design makes it easy to extend and integrate with other libraries and tools, such as SQLAlchemy for database interactions and Marshmallow for data serialization and validation. Building RESTful APIs with Flask involves creating endpoints for different HTTP methods, such as GET, POST, PUT, and DELETE, and implementing authentication and authorization mechanisms to secure the API. By mastering Flask, you can create robust and scalable APIs for your web applications.;building-rest-apis-with-flask;flask.jpg;1;95;2024:05:15 17:11;2024:05:15 18:44
44;38;1;Object-Oriented Programming in PHP;Master object-oriented programming (OOP) principles in PHP. Object-oriented programming is a programming paradigm that uses objects to represent and manipulate data. In PHP, OOP principles such as encapsulation, inheritance, and polymorphism help in organizing code and promoting code reusability. Encapsulation involves bundling data and methods that operate on that data within a single unit, or class, and restricting access to some of the object's components. Inheritance allows classes to inherit properties and methods from other classes, facilitating code reuse and reducing redundancy. Polymorphism enables objects of different classes to be treated as objects of a common superclass, allowing for flexibility and extensibility in code design. By mastering OOP principles in PHP, you can create more maintainable and scalable applications.;object-oriented-programming-in-php;php-oop.jpg;1;91;2024:05:20 16:45;2024:05:20 16:45
45;28;9;Async/Await in JavaScript;Master async/await syntax in JavaScript to write cleaner asynchronous code. The async/await syntax simplifies working with asynchronous operations by allowing you to write asynchronous code that looks and behaves like synchronous code. The async keyword is used to declare an asynchronous function, while the await keyword is used to pause the execution of the function until a Promise is resolved. This approach eliminates the need for chaining .then() and .catch() methods, resulting in more readable and maintainable code. Using async/await helps in handling errors more effectively with try/catch blocks and simplifies complex asynchronous workflows. Understanding how to use async/await in conjunction with other asynchronous patterns, such as Promises and callbacks, enhances your ability to build responsive and performant web applications.;async-await-javascript;async-await.png;1;81;2024:05:22 16:45;2024:05:22 16:45
46;6;2;Mastering Git for Version Control;Git is a distributed version control system that allows developers to track changes, collaborate with others, and manage codebases efficiently. Learn how to use Git for effective version control in your projects. Git enables developers to create branches for developing features, fixing bugs, and experimenting with new ideas without affecting the main codebase. By using pull requests and code reviews, teams can ensure code quality and maintain consistency. Understanding commands like merge, rebase, and cherry-pick helps in managing the commit history and resolving conflicts. Implementing a branching strategy, such as Git Flow or GitHub Flow, facilitates structured development and release processes. Integrating Git with continuous integration (CI) tools automates testing and deployment, ensuring that code changes are thoroughly tested before being released to production.;mastering-git-for-version-control;git.jpg;1;69;2024:05:26 15:22;2024:05:26 15:22
47;10;3;Principles of Effective UX Design;User Experience (UX) design is all about creating products that provide meaningful and relevant experiences to users. Learn the principles of effective UX design to enhance user satisfaction. UX design involves understanding user needs, behaviors, and motivations through research and analysis. Creating user personas, journey maps, and wireframes helps in visualizing and planning the user experience. Usability testing and iterative design processes ensure that the product meets user expectations and identifies areas for improvement. Effective UX design focuses on accessibility, usability, and aesthetics, creating an intuitive and enjoyable user experience. By applying UX design principles, you can enhance user engagement, satisfaction, and retention.;principles-of-effective-ux-design;ux-design.jpg;1;25;2024:05:30 08:55;2024:05:30 08:55
48;23;4;Mastering CSS Grid Layout;The CSS Grid Layout module offers a grid-based layout system, with rows and columns, making it easier to design web pages without having to use floats and positioning. CSS Grid provides a two-dimensional layout method, allowing you to create complex and responsive layouts with ease. The grid container defines the grid structure, while the grid items are placed within this structure according to specified rules. CSS Grid properties such as grid-template-columns, grid-template-rows, and grid-gap enable you to define the size and spacing of grid tracks. Using grid areas, you can create named regions within the grid, simplifying the placement of elements. Combining CSS Grid with media queries allows for adaptive layouts that respond to different screen sizes and orientations. By mastering CSS Grid, you can create modern and flexible web designs that enhance the user experience.;mastering-css-grid-layout;css-grid.png;1;92;2024:06:04 14:38;2024:06:05 09:11
49;31;6;Getting Started with WordPress;WordPress is a powerful Content Management System (CMS) used by millions of websites. Learn how to set up and manage your own WordPress site. WordPress provides a user-friendly interface for creating and managing content, making it accessible to users with varying levels of technical expertise. Themes and plugins extend the functionality and appearance of a WordPress site, allowing for customization and feature enhancements. Setting up a WordPress site involves choosing a hosting provider, installing WordPress, and configuring basic settings such as permalinks, themes, and plugins. Understanding how to use the WordPress editor, manage media, and organize content with categories and tags helps in maintaining a well-structured site. Regular updates and security practices ensure that your WordPress site remains secure and performs optimally.;getting-started-with-wordpress;wordpress.jpg;1;71;2024:06:10 13:28;2024:06:10 13:28
50;1;7;Making Your Website Accessible;Accessibility ensures that your website can be used by everyone, including people with disabilities. Learn how to make your website more accessible. Web accessibility involves implementing various techniques and best practices to ensure that all users, regardless of their abilities, can navigate and interact with your site. This includes providing text alternatives for non-text content, such as images and videos, using ARIA (Accessible Rich Internet Applications) roles and properties to enhance the accessibility of web applications, and ensuring that all interactive elements are keyboard accessible. Additionally, maintaining a high contrast ratio between text and background colors improves readability for users with visual impairments. Conducting regular accessibility audits using tools like WAVE or Axe can help identify and address accessibility issues, ensuring compliance with standards such as WCAG (Web Content Accessibility Guidelines).;making-your-website-accessible;accessibility.jpg ;1;44;2024:06:12 12:03;2024:06:12 12:03
51;9;8;Getting Started with Laravel;Laravel is a PHP framework for web artisans. It provides an elegant syntax and tools to make web development faster and easier. Learn how to get started with Laravel. Laravel simplifies many common tasks, such as routing, authentication, and caching, allowing developers to focus on building robust applications. The framework follows the MVC (Model-View-Controller) architectural pattern, promoting separation of concerns and code reusability. Laravel's powerful ORM (Object-Relational Mapping) tool, Eloquent, provides an intuitive and expressive syntax for interacting with databases. Additionally, features like Blade templating engine, built-in task scheduling, and queue management make Laravel a comprehensive solution for web development. The extensive documentation and active community support also make it easier for developers to learn and troubleshoot issues.;getting-started-with-laravel;laravel.png;1;107;2024:06:20 16:10;2024:06:20 16:10
52;10;11;Optimizing Web Performance;Web Performance Optimization (WPO) involves improving the speed at which web pages are downloaded and displayed on the user's web browser. Learn techniques to optimize web performance. Key strategies for WPO include minimizing HTTP requests by combining files and using CSS sprites, optimizing images by compressing them without losing quality, and leveraging browser caching to reduce load times for returning visitors. Implementing lazy loading for images and videos ensures that only the content visible in the viewport is loaded initially, improving the initial page load speed. Additionally, using content delivery networks (CDNs) can distribute content geographically closer to users, reducing latency. Monitoring performance with tools like Google Lighthouse, WebPageTest, and GTmetrix helps identify bottlenecks and provides actionable insights for further optimization.;optimizing-web-performance;web-performance.jpg;1;111;2024:06:27 09:40;2024:06:27 11:29
53;27;13;SEO Best Practices;Search Engine Optimization (SEO) is the practice of increasing the quantity and quality of traffic to your website through organic search engine results. Learn the best practices for SEO. Effective SEO involves optimizing both on-page and off-page elements. On-page SEO includes optimizing meta tags, headings, and content with relevant keywords, ensuring a mobile-friendly design, and improving site speed. Creating high-quality, valuable content that addresses the needs and queries of your audience is crucial for ranking well in search engines. Off-page SEO focuses on building backlinks from reputable websites, which signals to search engines that your site is authoritative and trustworthy. Regularly updating content, using schema markup for rich snippets, and monitoring performance with tools like Google Analytics and Search Console are essential practices for maintaining and improving SEO performance.;seo-best-practices;seo.png;1;88;2024:06:30 17:32;2024:06:30 17:32
54;6;1;Advanced PHP Techniques;Learn advanced techniques in PHP to build more efficient and powerful web applications. Advanced PHP techniques include using design patterns such as Singleton, Factory, and Observer to write more organized and maintainable code. Understanding and implementing dependency injection can enhance the flexibility and testability of your applications. Additionally, leveraging PHP's built-in functions and features, such as generators for handling large datasets and closures for creating anonymous functions, can improve performance and efficiency. Security best practices, such as input validation, sanitization, and using prepared statements for database interactions, help protect your applications from common vulnerabilities. Exploring PHP extensions and libraries, such as PHPUnit for testing and Guzzle for HTTP requests, can further enhance your development process.;advanced-php-techniques;php-advanced.png;1;52;2024:07:01 09:00;2024:07:01 09:00
55;10;13;Local SEO Strategies;Implement local SEO strategies to improve your business's visibility in local search results. Local SEO focuses on optimizing your online presence to attract more business from relevant local searches. Key strategies include claiming and optimizing your Google My Business listing, ensuring your name, address, and phone number (NAP) are consistent across all online directories, and encouraging satisfied customers to leave positive reviews. Creating locally relevant content, such as blog posts about community events or local news, can also help improve your local search rankings. Additionally, optimizing your website for mobile devices and ensuring fast load times are crucial, as many local searches are conducted on mobile phones. Monitoring and analyzing your local SEO performance with tools like Moz Local and BrightLocal helps identify areas for improvement and track your progress.;local-seo-strategies;local-seo.jpg;1;93;2024:07:03 11:45;2024:07:03 15:30
56;18;6;Managing Content with Joomla;Discover how to manage content effectively using Joomla, a popular CMS. Joomla is a flexible and powerful content management system that allows you to build and manage a wide range of websites, from simple blogs to complex corporate portals. It offers a user-friendly interface for creating and organizing content, with features like content versioning, nested categories, and tagging. Joomla's extensive library of extensions and templates enables you to add functionality and customize the design of your site easily. The built-in multilingual support allows you to create content in multiple languages, reaching a broader audience. Additionally, Joomla's robust access control system lets you manage user permissions and roles, ensuring secure content management.;managing-content-with-joomla;joomla.jpg;1;84;2024:07:06 15:15;2024:07:06 15:15
57;32;12;Advanced State Management with Redux;Master advanced state management techniques in Redux for large-scale applications. Redux is a predictable state container for JavaScript applications, often used with libraries like React to manage application state. Advanced techniques in Redux include using middleware such as Redux Thunk or Redux Saga to handle asynchronous actions and side effects. Normalizing your state structure can help avoid deeply nested state trees and improve performance. Leveraging selector libraries like Reselect allows you to create memoized selectors, which optimize state-derived computations. Implementing a modular architecture with Redux allows for better scalability and maintainability of your codebase. By mastering these techniques, you can effectively manage complex state logic in your large-scale applications.;advanced-state-management-with-redux;redux.png;1;85;2024:07:10 10:30;2024:07:10 13:25
58;14;10;Optimizing Database Queries;Learn techniques for optimizing database queries to improve application performance. Optimizing database queries involves analyzing and improving the efficiency of SQL statements to reduce execution time and resource consumption. Key techniques include indexing frequently queried columns to speed up data retrieval, avoiding unnecessary columns in SELECT statements, and using JOINs instead of subqueries where appropriate. Analyzing query execution plans helps identify bottlenecks and areas for improvement. Additionally, implementing caching strategies, such as query caching and result caching, can reduce the load on the database and improve response times. Regularly monitoring database performance with tools like MySQL EXPLAIN and pgAdmin ensures that your queries remain efficient as your dataset grows.;optimizing-database-queries;database-queries.jpg;1;75;2024:07:12 09:15;2024:07:12 09:15
59;18;15;Monitoring Applications with Prometheus;Learn how to monitor your applications and infrastructure using Prometheus, an open-source monitoring and alerting toolkit. Prometheus collects metrics from configured targets at specified intervals, stores them efficiently, and provides powerful querying capabilities. Setting up Prometheus involves configuring targets and exporters to collect metrics from various sources, such as application servers, databases, and hardware devices. Using PromQL, Prometheus's query language, you can create complex queries to analyze and visualize metrics data. Integrating Prometheus with Grafana allows you to create interactive and customizable dashboards for real-time monitoring. Setting up alerting rules in Prometheus ensures that you are notified of critical issues promptly, enabling proactive management of your applications and infrastructure.;monitoring-with-prometheus;prometheus.jpg;1;88;2024:07:14 15:30;2024:07:14 18:51
60;31;8;Vue.js for Dynamic Interfaces;Use Vue.js to build dynamic and reactive user interfaces for your web applications. Vue.js is a progressive JavaScript framework that provides an approachable and flexible architecture for building interactive web applications. Its reactive data binding system allows for efficient and seamless updates to the DOM when the underlying data changes. Vue's component-based structure promotes code reusability and modularity, making it easier to manage complex applications. Advanced features such as Vue Router for managing application routes and Vuex for state management provide a comprehensive solution for single-page applications (SPAs). By mastering Vue.js, you can create responsive and performant user interfaces that enhance the user experience.;vuejs-dynamic-interfaces;vuejs.png;1;96;2024:07:16 15:30;2024:07:23 15:30
