id;role_id;username;password;email;profile_picture;slug_username;status_user;created_at_user;updated_at_user;last_login;activation_token;activation_token_expiry;reset_token;reset_token_expiry;social_login_provider;social_login_id
1;4;cosmicTraveler!2196;XyZ!89qw1nTi;cosmictraveler219@google.com;avatar1.jpg;cosmictraveler2196;1;2023:11:15 12:00;2023:11:15 12:00;2024:06:12 11:55;;;;;;
2;5;SolarSailor88*;TyU@45kl7mNw;solarsailor88@yahoo.com;avatar2.jpg;solarsailor88;1;2022:01:01 08:40;2022:01:01 08:40;2022:01:01 08:40;;;;;;
3;4;Codecyclist04?;AGe$72lm3nQw;codecyclist@outlook.com;avatar3.jpg;codecyclist04;1;2023:10:09 18:15 ;2023:10:09 18:15 ;2024:01:02 09:00;;;;;;
4;4;DevMelomane63%;JkL&45op7vWx;devmelomane@yahoo.com;avatar4.jpg;devmelomane63;1;2024:01:10 12:00;2024:01:10 12:00;2024:05:13 16:22;;;;;;
5;5;LunaExplorer92#;Uio@12qw3eRt;lunaexplorer92@gmail.com;avatar5.jpg;lunaexplorer92;1;2022:01:23 20:32;2022:01:23 20:32;2022:01:23 20:32;;;;;;
6;4;phoenixBlaze42!;RtY!56ab8xQz;pblaze@outlook.com;avatar6.jpg;phoenixblaze42;1;2024:03:27 17:49;2024:03:27 17:49;2024:07:01 08:49;;;;;;
7;5;GalaxyRider59@;GHi$45lm6oPq;galaxyrider59@gmail.com;avatar7.jpg;galaxyrider59;1;2022:01:18 11:58;2022:01:18 11:58;2022:01:18 11:58;;;;;;
8;5;AstroNomad45&;JkL$67op8vWx;astronoad45@gmail.com;avatar8.jpg;astronomad45;1;2022:01:20 11:06;2022:01:20 11:06;2022:01:20 11:06;;;;;;
9;4;PhpRandoneur7$;UiO#67gh2wLr;phprandom36@google.com;avatar9.jpg;phprandoneur7;1;2023:08:07 11:18;2024:02:15 11:52;2024:06:20 16:01;;;;;;
10;4;NebulaDeamer99@;ZyX@91op5vLm;nebuladream@yahoo.com;avatar10.jpg;nebuladeamer99;1;2024:03:05 15:19;2024:03:05 15:19;2024:07:03 11:25;;;;;;
11;5;QuantumSeeker14#;TRe$78kl1oMn;quantumseeker14@google.com;avatar11.jpg;quantumseeker14;1;2022:02:01 07:57;2022:02:01 07:57;2022:02:01 07:57;;;;;;
12;4;Frostgardian#52;WxY#23kl7mNs;frostgard@google.com;avatar12.jpg;frostgardian52;1;2024:02:25 11:25;2024:02:25 11:25;2024:05:08 11:36;;;;;;
13;5;StarWalker65*;QwE#12ty3uIp;starwalker65@gmail.com;avatar13.jpg;starwalker65;1;2022:02:06 09:26;2022:02:06 09:26;2022:02:06 09:26;;;;;;
14;4;Stormhunter2597?;JkL$78nm4vPo;stormhunter@outlook.com;avatar14.jpg;stormhunter2597;1;2024:01:05 16:22;2024:04:15 18:33;2024:07:12 09:10;;;;;;
15;5;CosmicWizard12@;Rty$56kl7mNq;cosmicwizard12@gmail.com;avatar15.jpg;cosmicwizard12;1;2022:01:10 21:14;2022:01:10 21:14;2022:01:10 21:14;;;;;;
16;5;NebulaKnight23!;Plo#34ty6eRt;nebulaknight23@outlook.com;avatar16.jpg;nebulaknight23;1;2022:01:11 16:35;2022:01:11 16:35;2022:01:11 16:35;;;;;;
17;5;StellarMage44*;Mno$12qw3uPq;stellarmage44@gmail.com;avatar17.jpg;stellarmage44;1;2022:01:11 22:38;2022:01:11 22:38;2022:01:11 22:38;;;;;;
18;4;coderRouelibre*124;GhJ%34yz6nQl;coderlibre239@google.com;avatar18.jpg;coderrouelibre124;1;2023:06:12 10:29;2023:06:12 10:29;2024:07:14 15:25;;;;;;
19;5;AstroRogue89&;YUi$45op6eRw;astrorogue89@gmail.com;avatar19.jpg;astrorogue89;1;2022:01:21 20:52;2022:01:21 20:52;2022:01:21 20:52;;;;;;
20;4;phantomBlade56&;MnO%31xy4tVu;phantomblade56@google.com;avatar20.jpg;phantomblade56;1;2023:12:21 13:33;2023:12:21 13:33;2024:02:20 14:32;;;;;;
21;5;CometHunter78@;RtY$78kl9oMn;comethunter78@yahoo.com;avatar21.jpg;comethunter78;1;2022:01:26 08:57;2022:01:26 08:57;2022:01:26 08:57;;;;;;
22;5;GalaxyWarrior57#;XyZ$23gh4mNp;galaxywarrior57@gmail.com;avatar22.jpg;galaxywarrior57;1;2022:01:26 11:25;2022:01:26 11:25;2022:01:26 11:25;;;;;;
23;4;Crystalmage752*;UsA!89wx1pLr;crystalmage@outlook.com;avatar23.jpg;crystalmage752;1;2024:03:02 09:52;2024:03:02 09:52;2024:06:04 14:25;;;;;;
24;4;ThunderLord28%;KbL#67op4mNw;thunderlord@yahoo.com;avatar24.jpg;thunderlord28;1;2024:03:10 11:35;2024:03:10 11:35;2024:03:16 15:45;;;;;;
25;5;LunarSage91@;JkL$23mn4oPx;lunarsage91@gmail.com;avatar25.jpg;lunarsage91;1;2022:02:02 20:28;2022:02:02 20:28;2022:02:02 20:28;;;;;;
26;5;CometSorcerer83&;UiO$45gh6eWq;cometsorcerer83@outlook.com;avatar26.jpg;cometsorcerer83;1;2022:02:04 18:44;2022:02:04 18:44;2022:02:04 18:44;;;;;;
27;4;Solarknight209!;QyZ@32lm5nTi;solarknight@yahoo.com;avatar27.jpg;solarknight209;1;2024:01:26 12:55;2024:01:26 12:55;2024:06:30 17:25;;;;;;
28;4;DuskWizard!186;MnO%54xy6vUx;duskwizard@google.com;avatar28.jpg;duskwizard186;1;2023:07:05 15:15;2023:07:05 15:15;2024:05:22 16:38;;;;;;
29;5;StarGazer99*;QwE$67ty1uIo;stargazer99@yahoo.com;avatar29.jpg;stargazer99;1;2021:12:16 11:17;2021:12:16 11:17;2021:12:16 11:17;;;;;;
30;5;AstroMage77!;Plo$34kl5eMn;astromage77@gmail.com;avatar30.jpg;astromage77;1;2021:12:16 20:29;2021:12:16 20:29;2021:12:16 20:29;;;;;;
31;4;Blazephantom4*;GhJ$12yz7nQl;blazephantom@google.com;avatar31.jpg;blazephantom4;1;2024:06:10 13:15;2024:06:10 13:15;2024:07:16 15:25;;;;;;
32;4;VoidArcher!148;XkZ!43gh9wTi;voidarcher@outlook.com;avatar32.jpg;voidarcher148;1;2023:06:25 10:54;2023:06:25 10:54;2023:07:10 10:25;;;;;;
33;4;Lightsorcerer567?;AbC$65kl8nQw;lightsorcerer567@google.com;avatar33.jpg;lightsorcerer567;1;2023:06:10 14:03;2023:06:10 14:03;2024:05:02 08:05;;;;;;
34;5;SolarSage52#;TRe$89kl0pMn;solarsage52@gmail.com;avatar34.jpg;solarsage52;1;2022:02:07 01:35;2022:02:07 01:35;2022:02:07 01:35;;;;;;
35;4;EchoMarauder29#;WxY#87op2vLm;echomarauder@yahoo.com;avatar35.jpg;echomarauder29;1;2024:07:18 16:45;2024:07:18 16:45;2024:07:18 16:45;;;;;;
36;5;GalaxyNomad88*;Rty$12op3eLn;galaxynomad88@outlook.com;avatar36.jpg;galaxynomad88;1;2021:12:22 05:17;2021:12:22 05:17;2021:12:22 05:17;;;;;;
37;4;ShadowReaper23!;WcA$5mHm4vgA;shadowreaper@google.com;avatar37.jpg;shadowreaper23;1;2024:02:05 10:00;2024:02:05 10:00;2024:04:02 09:01;;;;;;
38;4;cyberSamurai55&;m8J%34tB9nQx;cybersamurai55@google.com;avatar38.jpg;cybersamurai55;1;2023:09:19 09:06;2023:09:19 09:06;2024:05:20 16:32;;;;;;
39;5;LunarHunter47!;TRe$45kl6mNp;lunarhunter47@gmail.com;avatar39.jpg;lunarhunter47;1;2023:06:13 00:40;2023:06:13 00:40;2023:06:13 00:40;;;;;;
40;5;CosmicRogue23#;XyZ$12gh3oMw;cosmicrogue23@yahoo.com;avatar39.jpg;cosmicrogue23;1;2023:06:13 01:13;2023:06:13 01:13;2023:06:13 01:13;;;;;;
41;5;GalaxyKnight54*;Uio$78ty9eLp;galaxyknight54@gmail.com;avatar40.jpg;galaxyknight54;1;2023:06:13 06:12;2023:06:13 06:12;2023:06:13 06:12;;;;;;
42;5;StarSorcerer66@;Plo$12mn3oWx;starsorcerer66@outlook.com;avatar41.jpg;starsorcerer66;1;2023:06:13 15:56;2023:06:13 15:56;2023:06:13 15:56;;;;;;
43;5;NebulaMage88*;QwE$45kl1uOp;nebulamage88@gmail.com;avatar42.jpg;nebulamage88;1;2023:06:14 02:36;2023:06:14 02:36;2023:06:14 02:36;;;;;;
44;5;AstroRider92&;XyZ$89op2mNt;astrorider92@yahoo.com;avatar42.jpg;astrorider92;1;2023:06:14 05:54;2023:06:14 05:54;2023:06:14 05:54;;;;;;
45;5;CometHunter56@;UiO$34gh1ePv;comethunter56@gmail.com;avatar43.jpg;comethunter56;1;2023:06:14 12:13;2023:06:14 12:13;2023:06:14 12:13;;;;;;
